time,lastnum,result,maximumRoll,maximum,minimum
100,2560,end,10,3130,2560
100,2730,end,5,3100,2600
100,2805,end,36,2965,2595
100,2755,end,2,3110,2500
100,2905,end,55,3045,2730
100,2600,end,0,2930,2380
100,2235,end,9,2990,2235
80,3205,win,79,3205,2735
100,2630,end,3,3075,2435
16,3220,win,15,3220,2930
100,2715,end,37,3010,2595
100,2905,end,40,3085,2730
100,2585,end,0,2930,2265
100,2385,end,13,3015,2385
18,3215,win,17,3215,2860
100,2740,end,51,3120,2740
100,2910,end,13,3070,2800
100,2780,end,1,3000,2650
100,2965,end,97,3035,2590
100,2785,end,19,3140,2745
100,2110,end,0,2990,1935
100,3035,end,13,3130,2770
100,2815,end,8,3000,2415
100,2820,end,45,3055,2580
100,2360,end,0,2930,2360
100,2425,end,3,3060,2350
100,2435,end,17,3050,2315
100,2605,end,57,2970,2605
35,3220,win,34,3220,2870
100,2575,end,0,2990,2460
100,2440,end,30,2965,2440
100,2540,end,6,3200,2540
100,2830,end,0,2990,2570
100,2780,end,4,3070,2515
10,3205,win,9,3205,2930
23,3215,win,22,3215,2930
100,2375,end,22,3120,2375
100,2515,end,0,3010,2515
100,3055,end,99,3055,2660
100,2980,end,4,3060,2635
25,3250,win,24,3250,2930
95,3210,win,94,3210,2860
100,2410,end,19,3170,2290
100,2675,end,0,2930,2660
100,2730,end,8,2995,2635
81,3240,win,80,3240,2790
100,2990,end,45,3150,2790
100,2680,end,11,3120,2620
100,2395,end,7,3030,2395
100,2475,end,5,3100,2475
100,2625,end,5,3075,2405
100,2350,end,2,2940,2350
100,2670,end,30,3145,2670
23,3230,win,22,3230,2940
100,2675,end,16,3180,2600
100,3040,end,48,3050,2780
100,2965,end,38,3105,2790
100,2435,end,4,3090,2420
100,1990,end,0,2930,1990
100,3050,end,97,3120,2785
26,3255,win,25,3255,2920
100,2660,end,22,2975,2575
100,3010,end,44,3130,2870
50,3225,win,49,3225,2850
29,3230,win,28,3230,2940
100,2480,end,0,3010,2295
100,2175,end,1,3000,2175
90,3225,win,89,3225,2735
100,3000,end,98,3070,2655
100,2315,end,22,3170,2315
13,3205,win,12,3205,2940
15,3205,win,14,3205,2940
100,2915,end,35,2970,2490
100,2660,end,5,3150,2595
45,3240,win,44,3240,2770
100,2900,end,49,3140,2795
100,3060,end,68,3135,2700
100,2430,end,26,3180,2430
100,2215,end,9,2960,2215
100,2575,end,2,3060,2460
100,2425,end,2,3050,2330
100,2300,end,23,3065,2300
100,2390,end,7,2990,2330
33,3255,win,32,3255,2920
100,2735,end,8,3065,2655
100,2975,end,52,3180,2890
100,2490,end,7,3085,2490
100,2330,end,12,3065,2270
100,2735,end,0,2990,2610
100,2385,end,7,3130,2385
73,3270,win,72,3270,2860
100,2805,end,10,3100,2645
100,2235,end,0,2930,2235
100,2545,end,4,3040,2545
100,2605,end,0,2930,2345
100,2370,end,0,2930,2090
100,2665,end,10,3050,2595
100,2360,end,4,2990,2285
100,2455,end,2,3070,2310
100,2620,end,10,3140,2620
time,lastnum,result,maximumRoll,maximum,minimum
100,2726,end,8,2997,2714
100,2834,end,31,3066,2834
100,2613,end,0,2970,2601
100,2761,end,0,3010,2761
100,2679,end,0,3010,2629
100,2843,end,16,2980,2783
100,2900,end,0,2970,2829
100,2823,end,0,3010,2783
100,2865,end,44,3051,2833
100,2759,end,3,3012,2744
100,2738,end,10,3024,2706
100,2634,end,0,3010,2634
100,2479,end,3,3012,2479
100,2768,end,4,3012,2761
100,2671,end,23,3040,2671
100,2714,end,3,3020,2714
100,2847,end,6,3020,2825
100,2927,end,42,3083,2927
100,2896,end,18,3079,2896
100,2762,end,8,3035,2722
100,2895,end,9,3045,2828
100,2608,end,5,3024,2608
100,2865,end,21,3009,2789
100,2899,end,35,3017,2867
100,2664,end,0,2970,2652
100,2746,end,6,3002,2734
100,2892,end,41,3018,2858
100,2750,end,13,3036,2750
100,2752,end,19,3020,2747
100,2916,end,6,3000,2877
100,2666,end,2,3020,2651
100,2764,end,19,3017,2764
100,2758,end,13,3017,2758
100,3018,end,61,3083,2952
100,2796,end,10,3039,2784
100,2691,end,0,2970,2667
100,2772,end,7,3037,2772
100,2661,end,23,2975,2661
100,2909,end,0,2970,2842
100,2746,end,12,3019,2746
100,2771,end,7,3047,2771
100,2764,end,3,2980,2734
100,2559,end,2,3010,2559
100,2589,end,15,2994,2589
100,2654,end,0,2990,2654
100,2747,end,4,3005,2747
100,2850,end,12,3045,2811
100,2810,end,41,3046,2798
100,2711,end,0,3010,2699
100,2825,end,7,3042,2749
100,2693,end,4,3024,2643
100,2908,end,5,3030,2829
100,2665,end,12,2987,2653
100,2621,end,0,2970,2621
100,2961,end,62,3091,2891
100,2717,end,2,3025,2702
100,2769,end,4,3015,2769
100,2746,end,1,3020,2746
100,2846,end,6,3015,2834
100,2999,end,44,3046,2944
100,2803,end,50,3021,2803
100,2882,end,37,3044,2826
100,2778,end,0,2970,2778
100,2761,end,1,3012,2724
100,2768,end,3,3015,2692
100,2792,end,1,3012,2792
100,2688,end,26,3036,2636
100,2805,end,9,3042,2778
100,2894,end,43,3075,2892
100,2859,end,3,3015,2819
100,2731,end,1,3000,2697
100,2618,end,15,2994,2618
100,2864,end,30,3014,2806
100,2808,end,0,3010,2763
100,2847,end,0,2970,2783
100,2714,end,3,3000,2714
100,2967,end,98,2997,2856
100,2705,end,12,3039,2705
100,2952,end,87,2982,2856
100,2763,end,6,3012,2763
100,2806,end,8,3035,2749
100,2882,end,13,2987,2873
100,2868,end,14,3019,2814
100,2718,end,2,3010,2718
100,3018,end,86,3066,2870
100,2765,end,21,3014,2720
100,2853,end,62,3038,2853
100,2821,end,9,3027,2809
100,2678,end,1,3015,2678
100,2762,end,5,2980,2711
100,2685,end,3,3012,2655
100,2798,end,1,3020,2785
100,2806,end,32,3064,2806
100,2633,end,3,3022,2633
100,2799,end,0,2970,2757
100,2629,end,2,3012,2629
100,2824,end,14,3050,2759
100,2832,end,5,2995,2802
100,2609,end,9,3010,2609
100,2901,end,59,3081,2901
time,lastnum,result,maximumRoll,maximum,minimum
100,1464,end,1,2961,1464
100,1254,end,1,2961,1199
100,1290,end,2,2975,1259
100,1359,end,1,2968,1315
100,1286,end,2,2971,1286
100,1536,end,1,2961,1490
100,1360,end,2,2961,1360
100,1501,end,2,3010,1481
100,1091,end,1,3000,1091
100,1475,end,1,3000,1430
100,1368,end,0,3010,1368
100,1239,end,3,2981,1188
100,1073,end,1,2961,1019
100,1542,end,0,2990,1542
100,1566,end,1,2964,1566
100,1675,end,0,3010,1675
100,1217,end,1,2961,1217
100,1512,end,0,2920,1464
100,1401,end,2,2930,1341
100,1490,end,0,3010,1490
100,1371,end,1,2961,1371
100,1472,end,4,2968,1428
100,1620,end,0,2990,1620
100,1723,end,0,3010,1663
100,1535,end,4,3030,1535
100,1240,end,1,2961,1192
100,1159,end,2,2974,1159
100,1301,end,0,3010,1259
100,1400,end,1,2962,1400
100,1255,end,2,2980,1217
100,1394,end,2,2971,1394
100,1257,end,1,3020,1257
100,1115,end,0,2920,1115
100,1402,end,0,3010,1402
100,1365,end,2,2974,1355
100,1442,end,1,2965,1388
100,1331,end,3,2971,1331
100,1310,end,2,2961,1276
100,1482,end,1,2964,1482
100,1367,end,1,2961,1326
100,1262,end,2,2971,1252
100,1559,end,0,2920,1518
100,1188,end,1,2961,1188
100,1396,end,2,2974,1396
100,1582,end,2,2962,1538
100,843,end,1,2961,843
100,1571,end,0,3010,1529
100,1800,end,2,2978,1752
100,1457,end,0,3010,1457
100,1871,end,0,3010,1823
100,1411,end,1,2968,1411
100,1407,end,2,2974,1397
100,1520,end,0,2990,1520
100,1319,end,0,3010,1271
100,1560,end,0,2920,1516
100,1517,end,1,3020,1517
100,1267,end,2,2930,1219
100,1547,end,0,3010,1547
100,1507,end,2,2930,1507
100,1397,end,1,2968,1363
100,1450,end,0,2990,1412
100,1496,end,1,3000,1452
100,1090,end,1,3020,1090
100,1289,end,0,2990,1289
100,1420,end,0,2990,1420
100,1316,end,1,2964,1255
100,1270,end,1,2962,1226
100,1505,end,1,2961,1464
100,1335,end,1,2970,1335
100,1377,end,0,2920,1336
100,1173,end,0,2920,1122
100,1467,end,0,3010,1435
100,1345,end,2,2930,1345
100,1354,end,2,2974,1354
100,1528,end,0,2990,1528
100,1507,end,0,2990,1507
100,1206,end,1,2961,1155
100,1487,end,2,2964,1487
100,1308,end,1,2968,1258
100,1597,end,0,2920,1597
100,1702,end,0,2990,1702
100,1313,end,1,2962,1269
100,1495,end,1,2961,1454
100,1568,end,0,3010,1517
100,1186,end,1,2964,1186
100,1453,end,4,2940,1405
100,1448,end,0,3010,1438
100,1330,end,1,3020,1330
100,1306,end,1,2962,1306
100,1531,end,1,2961,1531
100,1260,end,1,3020,1216
100,1469,end,0,2990,1428
100,1435,end,1,2968,1435
100,1428,end,1,2968,1428
100,1541,end,1,2961,1541
100,1262,end,1,2961,1214
100,1382,end,3,2974,1331
100,1447,end,1,2964,1406
100,1342,end,1,2964,1301
100,1131,end,0,2920,1131
time,lastnum,result,maximumRoll,maximum,minimum
22,3204,win,21,3204,2926
100,3001,end,30,3175,2777
100,2507,end,0,2990,2346
100,3016,end,65,3149,2900
75,3203,win,74,3203,2930
71,3216,win,70,3216,2735
100,2885,end,43,3129,2764
100,2766,end,53,3189,2766
88,3223,win,87,3223,2807
39,3219,win,38,3219,2909
100,2842,end,2,2954,2469
100,3013,end,98,3083,2572
100,2835,end,8,3128,2694
62,3221,win,61,3221,2930
20,3233,win,19,3233,2930
100,3012,end,6,3060,2742
100,2814,end,65,3096,2798
100,2588,end,15,3016,2508
100,2994,end,62,3197,2775
31,3201,win,30,3201,2925
100,2475,end,4,3021,2451
100,2792,end,77,3014,2613
100,2740,end,23,3062,2604
100,2708,end,4,3015,2620
100,2455,end,0,2990,2455
75,3208,win,74,3208,2780
100,2851,end,18,3011,2652
100,2972,end,58,3114,2888
100,2535,end,20,2998,2534
73,3207,win,72,3207,2873
100,2600,end,0,3010,2600
69,3219,win,68,3219,2841
100,2958,end,87,3047,2706
100,3190,end,81,3197,2799
100,2896,end,74,3007,2724
100,2654,end,62,3119,2654
100,2798,end,1,2958,2420
100,2422,end,1,2954,2335
100,2647,end,39,3014,2634
100,2522,end,9,2932,2477
49,3203,win,48,3203,2943
100,3086,end,99,3086,2793
100,2427,end,9,3023,2427
100,2654,end,17,3072,2526
100,2187,end,2,2975,2118
100,3017,end,5,3038,2722
29,3210,win,28,3210,2908
100,2854,end,11,3081,2735
38,3221,win,37,3221,2895
40,3206,win,39,3206,2851
100,2722,end,10,3106,2631
35,3208,win,34,3208,2880
100,2760,end,65,3025,2610
100,2800,end,0,3010,2597
100,2850,end,85,3065,2828
39,3205,win,38,3205,2923
100,2688,end,1,2975,2508
100,2939,end,19,3027,2766
32,3222,win,31,3222,2922
42,3212,win,41,3212,2940
36,3210,win,35,3210,2930
100,2751,end,2,3030,2671
100,2707,end,62,3045,2707
100,3092,end,10,3165,2722
75,3201,win,74,3201,2887
38,3207,win,37,3207,2912
94,3205,win,93,3205,2805
75,3202,win,74,3202,2940
100,2704,end,28,3038,2638
100,1955,end,0,2930,1955
100,2281,end,6,2934,2281
100,2665,end,0,2930,2495
100,2328,end,1,2972,2286
100,2858,end,0,2930,2654
100,2844,end,30,3128,2842
100,2972,end,64,3063,2784
100,3126,end,83,3174,2843
100,2601,end,2,2954,2531
100,2895,end,47,3023,2670
100,2639,end,0,2930,2398
100,2922,end,59,3065,2653
90,3203,win,89,3203,2916
69,3210,win,68,3210,2799
100,2984,end,33,3099,2641
100,2633,end,6,2962,2536
100,3010,end,92,3102,2748
36,3208,win,35,3208,2836
63,3220,win,62,3220,2884
26,3204,win,25,3204,2930
100,2970,end,21,3109,2694
100,3144,end,82,3176,2800
55,3228,win,54,3228,2850
67,3201,win,66,3201,2800
100,2894,end,41,3101,2776
22,3210,win,21,3210,2930
40,3227,win,39,3227,2930
100,2913,end,49,3148,2819
100,2792,end,2,3010,2655
81,3204,win,80,3204,2887
100,2866,end,12,3101,2782
time,lastnum,result,maximumRoll,maximum,minimum
41,3235,win,40,3235,2751
100,2449,end,7,3048,2439
100,2769,end,0,3010,2596
100,2633,end,0,3010,2376
18,3206,win,17,3206,2920
100,2670,end,56,3063,2583
47,3224,win,46,3224,2841
96,3219,win,95,3219,2802
100,2770,end,19,3109,2696
100,2739,end,6,3080,2465
100,2788,end,16,2963,2541
65,3217,win,64,3217,2811
92,3204,win,91,3204,2930
29,3207,win,28,3207,2860
100,2711,end,66,2971,2611
100,2868,end,0,2990,2531
100,2857,end,62,3124,2833
59,3210,win,58,3210,2723
100,3014,end,84,3110,2677
57,3203,win,56,3203,2867
79,3205,win,78,3205,2835
60,3218,win,59,3218,2815
100,2663,end,4,3035,2610
89,3216,win,88,3216,2810
100,2816,end,43,3057,2583
50,3205,win,49,3205,2930
100,2674,end,53,3036,2609
23,3205,win,22,3205,2930
100,3012,end,96,3054,2704
100,2591,end,17,3012,2563
100,2916,end,14,2949,2689
100,2501,end,18,3023,2495
100,2788,end,34,3085,2788
48,3204,win,47,3204,2888
100,2792,end,44,3008,2713
51,3209,win,50,3209,2909
100,2571,end,9,3044,2499
100,2693,end,57,3090,2665
100,2520,end,2,2979,2475
61,3206,win,60,3206,2940
100,2586,end,12,3028,2563
100,2502,end,5,3000,2429
100,2741,end,5,3009,2588
43,3217,win,42,3217,2914
100,2756,end,5,3059,2696
31,3219,win,30,3219,2845
100,2657,end,11,2998,2608
100,2620,end,25,3083,2596
100,2725,end,0,2930,2407
88,3205,win,87,3205,2655
100,3032,end,94,3109,2776
100,2979,end,73,3193,2780
100,2960,end,5,3055,2705
100,3069,end,81,3176,2832
100,2819,end,3,2996,2744
82,3201,win,81,3201,2811
100,3020,end,98,3090,2705
100,2676,end,0,2990,2676
100,3147,end,96,3189,2788
100,2675,end,34,3070,2654
100,3172,end,99,3172,2797
100,2448,end,0,2930,2424
100,2824,end,5,3003,2548
29,3204,win,28,3204,2913
100,2856,end,10,3066,2759
100,2700,end,1,2951,2617
21,3203,win,20,3203,2930
100,3166,end,99,3166,2887
18,3208,win,17,3208,2940
100,2726,end,6,3037,2634
100,2314,end,10,3017,2314
100,2629,end,33,3144,2608
27,3218,win,26,3218,2930
100,3211,win,99,3211,2607
100,2697,end,58,3099,2669
100,2796,end,15,3044,2608
100,2611,end,5,3027,2365
39,3211,win,38,3211,2860
100,2658,end,8,3104,2596
100,2696,end,10,3110,2630
100,2338,end,0,2990,2338
100,2921,end,73,3085,2738
80,3206,win,79,3206,2789
57,3229,win,56,3229,2747
100,2796,end,72,3154,2775
100,2953,end,60,3078,2745
100,3149,end,18,3169,2653
100,2796,end,82,3041,2762
42,3210,win,41,3210,2879
100,2668,end,41,3081,2532
44,3210,win,43,3210,2905
100,3052,end,99,3052,2504
100,3127,end,94,3155,2772
100,2890,end,10,3016,2763
100,2861,end,47,3095,2772
100,2852,end,96,2992,2587
100,3098,end,97,3144,2782
100,3124,end,99,3124,2835
100,2754,end,0,2930,2460
54,3208,win,53,3208,2924
time,lastnum,result,maximumRoll,maximum,minimum
100,2483,end,0,2930,2414
80,3240,win,79,3240,2771
100,2419,end,2,2996,2398
100,2760,end,17,3009,2614
100,2840,end,87,3081,2453
100,2824,end,10,3104,2716
57,3206,win,56,3206,2864
34,3202,win,33,3202,2912
93,3217,win,92,3217,2905
100,3019,end,27,3098,2761
100,2893,end,55,3058,2756
100,2206,end,2,2996,2161
73,3208,win,72,3208,2785
100,2782,end,41,3113,2740
100,2878,end,16,3074,2809
49,3221,win,48,3221,2874
100,2380,end,1,2958,2248
100,2906,end,86,3106,2734
76,3231,win,75,3231,2736
100,2666,end,15,3027,2545
75,3204,win,74,3204,2885
52,3208,win,51,3208,2800
100,2696,end,7,3104,2675
100,2806,end,4,2999,2729
39,3233,win,38,3233,2838
91,3221,win,90,3221,2746
100,3122,end,99,3122,2839
100,2816,end,46,3187,2816
100,2896,end,11,3059,2707
100,2813,end,10,3159,2813
94,3224,win,93,3224,2930
100,2738,end,9,3107,2535
30,3201,win,29,3201,2930
100,2837,end,1,2951,2699
100,2854,end,23,2992,2611
100,2992,end,9,3078,2707
100,2948,end,32,3074,2840
100,2520,end,22,2993,2520
100,2905,end,13,3020,2788
100,2425,end,9,2937,2332
100,2992,end,77,3171,2790
87,3222,win,86,3222,2930
100,2706,end,5,3017,2493
100,2606,end,19,3011,2570
30,3219,win,29,3219,2930
43,3218,win,42,3218,2884
100,2889,end,65,3040,2826
100,2636,end,14,3104,2573
71,3204,win,70,3204,2863
100,2428,end,22,3022,2428
100,2873,end,7,3017,2648
100,2837,end,2,2940,2709
55,3202,win,54,3202,2902
100,2973,end,71,3115,2865
100,2900,end,57,3167,2793
100,2835,end,30,3089,2684
100,2977,end,13,3047,2707
100,2414,end,6,2991,2348
100,2669,end,0,2930,2669
100,3019,end,77,3048,2735
100,2688,end,3,3028,2688
78,3245,win,77,3245,2926
100,2822,end,13,2978,2587
100,2435,end,0,3010,2435
100,3093,end,99,3093,2627
100,2668,end,8,3037,2662
40,3202,win,39,3202,2832
100,2614,end,12,3047,2550
100,3025,end,18,3157,2807
100,2907,end,18,3072,2668
100,2123,end,15,3022,2123
100,2804,end,19,3081,2632
100,2478,end,11,3050,2450
100,2981,end,96,3121,2782
100,2945,end,0,3010,2766
100,2847,end,1,2972,2552
100,2741,end,40,3078,2600
39,3218,win,38,3218,2850
42,3203,win,41,3203,2892
100,2854,end,27,3041,2799
100,2746,end,33,2957,2725
100,2787,end,61,3059,2787
100,2195,end,0,2990,2143
100,2879,end,49,3045,2701
100,2719,end,51,3063,2695
100,2579,end,4,2961,2427
100,3055,end,88,3149,2698
100,2988,end,82,3114,2827
15,3204,win,14,3204,2940
68,3207,win,67,3207,2926
100,2879,end,71,3055,2830
100,2212,end,1,3000,2184
100,2385,end,17,3022,2336
50,3219,win,49,3219,2904
100,2891,end,1,3000,2758
100,2690,end,10,3087,2690
36,3237,win,35,3237,2894
60,3202,win,59,3202,2817
100,3078,end,96,3124,2739
100,2904,end,67,3042,2800
time,lastnum,result,maximumRoll,maximum,minimum
100,2971,end,38,3013,2712
100,2118,end,29,3011,2094
100,2957,end,38,3117,2856
100,2993,end,93,3077,2709
100,2874,end,4,3027,2755
23,3205,win,22,3205,2930
100,2971,end,52,3108,2806
100,3058,end,98,3058,2715
100,2489,end,2,2979,2466
94,3228,win,93,3228,2813
100,3038,end,97,3084,2798
39,3213,win,38,3213,2898
100,3126,end,98,3126,2581
28,3205,win,27,3205,2884
100,2320,end,2,2982,2320
38,3220,win,37,3220,2860
100,2842,end,37,3159,2760
100,2939,end,24,3145,2760
100,2845,end,45,3007,2748
100,2519,end,1,2951,2408
100,3064,end,98,3064,2777
100,2957,end,92,3055,2602
58,3227,win,57,3227,2865
100,2703,end,24,3045,2675
19,3214,win,18,3214,2940
71,3206,win,70,3206,2757
32,3201,win,31,3201,2930
100,3044,end,94,3058,2775
100,3049,end,54,3139,2871
100,2598,end,0,2930,2518
100,2558,end,0,2990,2402
100,3053,end,85,3174,2807
100,2784,end,13,2995,2720
66,3206,win,65,3206,2878
100,2349,end,0,3010,2248
43,3206,win,42,3206,2926
100,3001,end,43,3176,2909
100,2911,end,71,3085,2801
37,3210,win,36,3210,2940
100,2872,end,36,3098,2780
100,3061,end,38,3108,2862
100,2301,end,0,2990,2280
91,3225,win,90,3225,2860
100,2910,end,53,2992,2699
68,3240,win,67,3240,2834
100,3049,end,6,3079,2865
100,2709,end,9,3026,2660
100,2768,end,15,3107,2744
100,3089,end,98,3089,2758
100,3005,end,80,3110,2784
100,3101,end,40,3198,2883
100,2922,end,73,3024,2768
25,3232,win,24,3232,2930
25,3215,win,24,3215,2890
100,2319,end,2,2972,2319
100,2603,end,1,2951,2582
99,3212,win,98,3212,2862
36,3225,win,35,3225,2895
71,3221,win,70,3221,2781
100,2608,end,12,3024,2512
100,2984,end,53,3099,2814
100,3025,end,96,3165,2912
100,2995,end,89,3093,2808
100,2910,end,11,3146,2759
46,3219,win,45,3219,2911
100,2529,end,2,2940,2482
100,2793,end,10,3050,2563
100,2676,end,30,3162,2617
100,2998,end,73,3099,2904
100,2738,end,11,2942,2686
100,2684,end,11,3052,2647
100,2935,end,83,3053,2789
100,2782,end,10,3005,2687
100,2602,end,17,3027,2581
41,3210,win,40,3210,2930
100,2612,end,4,3017,2562
64,3220,win,63,3220,2802
100,2948,end,79,3099,2783
100,2503,end,4,2982,2455
100,2527,end,14,3037,2527
100,2702,end,3,3029,2702
99,3203,win,98,3203,2907
100,2762,end,0,3010,2588
93,3212,win,92,3212,2697
100,2928,end,68,3173,2879
100,3109,end,98,3179,2930
100,2901,end,40,3095,2835
100,2657,end,49,3045,2532
97,3204,win,96,3204,2708
100,2845,end,34,3199,2668
100,2486,end,2,3010,2360
71,3222,win,70,3222,2940
100,2953,end,81,3039,2691
100,3022,end,12,3066,2747
63,3235,win,62,3235,2876
100,2836,end,9,3013,2731
100,2876,end,43,3131,2860
100,2828,end,47,3100,2732
100,2816,end,3,3017,2748
100,2885,end,86,3092,2757
time,lastnum,result,maximumRoll,maximum,minimum
100,3209,end,99,3209,2657
100,2883,end,4,3002,2631
100,2860,end,12,3072,2791
100,2767,end,1,3020,2680
100,2575,end,7,3045,2471
100,2658,end,48,3089,2517
100,2728,end,5,3006,2662
100,3169,end,95,3288,2930
76,3524,win,75,3524,2930
100,3186,end,96,3228,2807
100,2955,end,93,3095,2828
100,2813,end,74,3020,2608
100,2835,end,81,3146,2807
100,2920,end,61,3045,2847
100,3233,end,60,3251,2916
100,2879,end,38,3053,2643
100,2549,end,2,2940,2394
100,3149,end,86,3196,2930
100,2820,end,56,3090,2656
100,2736,end,0,2930,2518
100,3404,end,91,3475,2888
100,2656,end,36,3104,2514
100,2892,end,54,3057,2706
100,2906,end,33,3175,2837
100,3123,end,98,3193,2697
100,3189,end,96,3204,2771
100,2998,end,94,3012,2601
100,3168,end,93,3169,2790
100,2860,end,0,2990,2475
100,2549,end,2,2990,2547
100,2617,end,5,3056,2617
100,3044,end,71,3311,2923
100,3019,end,46,3231,2888
100,2751,end,1,2972,2460
100,2561,end,35,2972,2464
100,3013,end,95,3069,2753
100,2724,end,0,3010,2669
100,2935,end,46,3284,2837
100,2638,end,9,3002,2595
100,2855,end,22,3330,2734
100,2603,end,9,3113,2472
100,3031,end,21,3054,2744
100,2648,end,1,2958,2582
100,3002,end,63,3056,2820
100,2915,end,82,3031,2750
100,3187,end,74,3325,2905
100,3085,end,99,3085,2772
100,3221,end,63,3329,2878
100,3049,end,51,3343,2853
100,2810,end,8,3141,2567
100,3274,end,90,3288,2894
100,3352,end,99,3352,2777
100,2852,end,19,3134,2696
100,2938,end,53,3153,2836
100,2438,end,0,3010,2414
100,2999,end,72,3089,2832
100,2705,end,22,3003,2567
100,3088,end,93,3217,2800
100,2736,end,9,3013,2676
100,2236,end,2,2996,2221
100,2660,end,1,2975,2394
100,3238,end,98,3308,2854
100,2554,end,1,3000,2506
100,2598,end,3,2968,2435
100,3032,end,90,3152,2695
100,2949,end,36,3144,2894
100,2683,end,18,3022,2580
100,2697,end,10,3004,2555
100,3369,end,90,3400,2940
100,2754,end,11,3043,2521
100,2973,end,77,3145,2781
100,2869,end,66,2996,2706
100,2828,end,21,3123,2673
100,3099,end,85,3104,2758
100,2831,end,63,3047,2775
100,2789,end,69,3146,2737
100,2785,end,16,3036,2660
100,3110,end,99,3110,2709
100,2959,end,97,3005,2655
100,3323,end,49,3421,2930
100,3179,end,96,3319,2930
100,3200,end,31,3356,2930
100,2614,end,15,3054,2510
100,2733,end,5,2982,2580
100,3140,end,96,3189,2799
100,2585,end,0,2930,2540
100,2420,end,0,2990,2396
100,3196,end,93,3263,2930
100,2750,end,12,3079,2611
100,3101,end,74,3125,2687
100,2535,end,5,3048,2445
100,2913,end,39,3209,2841
100,2444,end,2,2996,2444
100,2393,end,0,3010,2247
100,3084,end,84,3175,2819
100,2878,end,83,3089,2767
100,2918,end,13,3139,2828
100,3279,end,33,3385,2930
100,2893,end,20,3174,2796
100,2895,end,5,3063,2694
time,lastnum,result,maximumRoll,maximum,minimum
100,3021,end,82,3406,2930
100,2952,end,1,2954,2648
100,2927,end,13,3070,2656
100,3000,end,32,3278,2930
100,2817,end,13,2971,2657
100,2920,end,40,3060,2617
100,3310,end,94,3324,2820
100,2953,end,30,3067,2691
100,3023,end,45,3204,2900
100,3098,end,75,3323,2877
100,2845,end,15,3139,2845
100,2550,end,4,2972,2383
100,3207,end,97,3253,2926
100,2747,end,14,3086,2613
100,2932,end,87,3093,2852
100,2781,end,2,2982,2640
100,2721,end,53,3136,2721
100,2397,end,6,2940,2275
100,2936,end,36,3107,2756
100,3093,end,67,3182,2719
100,2965,end,44,3283,2892
100,2713,end,32,2992,2593
100,3032,end,42,3264,2835
100,2720,end,2,2996,2612
100,3394,end,83,3423,2860
100,2391,end,19,3110,2391
100,3122,end,73,3211,2869
100,3282,end,95,3356,2919
100,2971,end,32,3210,2800
100,2726,end,41,3091,2705
100,2685,end,22,3251,2645
100,3087,end,89,3235,2930
100,2626,end,6,3034,2602
100,2895,end,5,3027,2700
100,2870,end,1,3020,2776
100,2879,end,30,3105,2844
100,3043,end,75,3252,2780
100,2948,end,37,3163,2840
100,2883,end,28,3046,2638
100,3038,end,99,3038,2777
100,2808,end,10,3153,2696
100,2789,end,9,3103,2750
100,2918,end,25,3211,2691
100,2999,end,47,3124,2916
100,2331,end,1,2972,2331
100,2239,end,6,3048,2239
100,3192,end,99,3192,2728
100,2935,end,89,3114,2713
100,2691,end,54,3050,2663
100,2973,end,76,3248,2832
100,3190,end,99,3190,2869
100,3129,end,93,3133,2827
100,2975,end,12,3143,2887
100,2811,end,74,3087,2758
100,2829,end,0,3010,2627
100,2627,end,1,2975,2603
100,3377,end,99,3377,2930
100,3070,end,91,3202,2910
100,2690,end,3,2990,2501
100,2851,end,29,3056,2737
100,2723,end,11,3078,2591
100,2865,end,85,3041,2694
100,3383,end,52,3413,2929
100,2823,end,12,3064,2688
100,2952,end,34,3236,2928
100,2804,end,28,3259,2682
100,3054,end,71,3224,2897
100,2723,end,14,3041,2661
100,2682,end,0,2930,2587
100,2778,end,29,3102,2674
100,2916,end,41,3184,2844
100,2466,end,0,3010,2466
100,2882,end,60,3211,2797
100,2728,end,23,3150,2624
100,3326,end,95,3344,2898
100,2806,end,5,3071,2806
100,2554,end,0,2990,2508
100,2826,end,43,3075,2702
100,2717,end,41,3146,2526
100,2376,end,2,3004,2320
100,3166,end,95,3215,2912
100,2930,end,34,3164,2930
100,3245,end,66,3340,2894
100,2543,end,10,3075,2454
100,2947,end,42,3244,2897
100,3002,end,39,3173,2848
100,2734,end,0,3010,2734
100,3077,end,63,3263,2930
100,2625,end,0,2990,2537
100,2656,end,28,3205,2608
100,3129,end,67,3192,2778
100,3010,end,35,3138,2884
100,2818,end,20,3036,2678
100,2975,end,26,3074,2785
100,3277,end,99,3277,2759
100,3296,end,92,3384,2910
100,3085,end,71,3146,2877
100,2713,end,0,3010,2551
100,2844,end,56,3134,2711
100,2984,end,90,3103,2869
time,lastnum,result,maximumRoll,maximum,minimum
100,3347,end,34,3414,2925
100,2342,end,13,3085,2124
100,2244,end,4,3026,2166
100,3092,end,51,3343,2803
100,3059,end,97,3132,2407
100,2190,end,20,2982,2154
100,2417,end,62,2960,2375
100,2614,end,0,2895,2240
100,3626,end,98,3731,2669
100,2125,end,2,2910,2125
100,2584,end,10,3109,2209
100,2812,end,55,3334,2744
100,2476,end,15,3054,2446
100,2781,end,51,3363,2682
100,3074,end,25,3453,2895
100,3175,end,86,3513,2683
100,2436,end,19,2966,2427
100,2519,end,24,3181,2462
100,3507,end,69,3974,2910
100,3003,end,31,3199,2685
100,3099,end,69,3298,2895
100,2481,end,1,2927,2254
100,3170,end,85,3490,2716
100,2942,end,83,3194,2528
100,2683,end,15,3322,2208
100,2511,end,37,2963,2299
100,2874,end,35,3069,2621
100,2269,end,33,3123,2269
100,2521,end,0,3015,2513
100,2808,end,35,3213,2754
100,3513,end,60,3687,2852
100,2346,end,21,3107,2278
100,3388,end,76,3706,2832
100,3532,end,81,3672,2895
100,2465,end,45,3018,2287
100,2773,end,80,3276,2574
100,2805,end,36,3149,2563
100,3022,end,76,3178,2850
100,2293,end,5,2989,2179
100,2816,end,47,3011,2653
100,3314,end,91,3492,2694
81,4002,win,80,4002,2955
100,2674,end,45,3222,2597
100,1913,end,3,2990,1913
100,2990,end,67,3271,2840
100,3005,end,70,3282,2661
100,2922,end,4,3041,2391
100,2870,end,62,3437,2814
100,2671,end,53,3187,2557
100,2514,end,3,2977,2276
100,2791,end,52,3466,2755
100,2681,end,0,3015,2428
100,2607,end,22,3112,2530
100,2569,end,8,3179,2339
100,2775,end,89,2994,2493
100,2687,end,2,2958,2515
100,3460,end,70,3724,2835
100,2212,end,6,3021,2212
100,3378,end,99,3378,2805
100,2628,end,1,2927,2318
100,3563,end,72,3798,2826
100,3022,end,62,3268,2752
100,2090,end,14,3145,2090
100,2114,end,4,3041,2026
100,2935,end,93,3008,2535
100,3526,end,78,3829,2793
100,2937,end,38,3070,2670
100,3445,end,84,3462,2895
100,3014,end,41,3258,2784
100,2940,end,19,3294,2830
100,2992,end,71,3160,2791
100,2940,end,37,3073,2780
100,2504,end,2,2970,2420
100,2738,end,34,3074,2491
100,2976,end,93,3102,2391
100,2704,end,28,3169,2636
100,2881,end,50,3316,2800
100,3466,end,64,3621,2761
100,3482,end,79,3787,2910
100,3082,end,30,3291,2865
100,2785,end,40,3388,2753
100,2427,end,28,3285,2321
100,2063,end,0,3015,1876
100,2993,end,4,3072,2681
100,3045,end,33,3288,2789
100,2498,end,0,3015,2471
100,3468,end,78,3536,2801
100,3181,end,84,3321,2700
100,2776,end,31,3068,2671
100,3062,end,77,3295,2800
100,3608,end,99,3608,2895
100,3200,end,94,3336,2910
100,2916,end,65,3331,2618
100,3437,end,87,3592,2895
100,3175,end,80,3480,2895
100,2989,end,68,3246,2715
100,3464,end,98,3464,2723
100,2876,end,39,3109,2756
100,3040,end,77,3201,2792
100,2341,end,8,3106,2263
time,lastnum,result,maximumRoll,maximum,minimum
100,3360,end,77,3824,2764
100,2494,end,1,3050,2075
100,3617,end,79,3677,2316
100,1942,end,2,3025,1183
100,2368,end,0,2975,2244
82,4006,win,81,4006,2639
100,2817,end,87,3457,2306
75,4033,win,74,4033,2767
100,1217,end,0,2825,1085
47,4012,win,46,4012,2737
100,3386,end,85,3572,2386
100,2256,end,38,3867,1971
100,3287,end,38,3907,2825
61,4037,win,60,4037,2825
57,4071,win,56,4071,2780
100,1882,end,1,2885,1461
84,4018,win,83,4018,2416
100,1646,end,2,2850,1532
100,2451,end,42,3188,2049
100,2608,end,11,3464,1980
100,2444,end,11,3101,2171
100,2421,end,13,3282,2059
100,3098,end,99,3098,2286
100,1901,end,0,2825,1818
100,2023,end,8,3139,2023
100,3295,end,61,3469,2455
81,4008,win,80,4008,2593
100,3505,end,99,3505,2538
100,3658,end,99,3658,2782
100,2909,end,17,3229,2535
100,3323,end,98,3498,2445
100,3303,end,73,3974,2650
100,2738,end,45,3178,2479
100,3082,end,71,3814,2787
100,2309,end,36,3530,2204
100,1703,end,13,3102,1346
100,2837,end,56,3454,2650
100,2264,end,23,3276,2210
100,3799,end,97,3974,2601
100,2845,end,53,3293,2608
100,2633,end,60,3342,2546
100,3517,end,84,3797,2708
100,3135,end,70,3345,2439
100,2596,end,8,3219,2344
100,2376,end,8,3228,1868
100,2404,end,12,3014,2274
100,2861,end,20,3361,2565
100,1523,end,1,3000,1453
100,3081,end,67,3652,2497
100,2862,end,20,3296,2439
100,2105,end,54,2959,1975
100,3739,end,83,3904,2875
100,2447,end,4,2904,1915
100,2843,end,65,3138,2475
100,2717,end,68,3629,2714
100,2792,end,69,3267,2560
100,2425,end,27,3042,1918
100,2523,end,13,2985,1931
100,1963,end,0,3025,1466
100,2642,end,16,3016,1710
100,1830,end,0,2975,1700
70,4009,win,69,4009,2650
100,1640,end,2,2955,1516
100,1894,end,0,2825,1662
100,2669,end,17,3199,2518
100,2227,end,39,3152,2173
100,3013,end,38,3219,2505
100,3389,end,94,3481,2382
100,2191,end,20,3260,2106
100,3338,end,86,3575,2395
100,3363,end,59,3880,2732
100,3419,end,96,3540,2487
100,1875,end,0,2975,1551
100,3733,end,99,3733,2704
95,4036,win,94,4036,2564
100,2987,end,72,3283,2635
100,3617,end,38,3730,2713
100,3065,end,62,3561,2692
100,3315,end,85,3554,2462
100,3219,end,87,3226,2580
100,2471,end,13,3183,2316
100,2522,end,1,2930,1903
100,2388,end,11,2897,1526
100,2414,end,35,3121,2284
100,3573,end,81,3786,2850
76,4019,win,75,4019,2550
100,3495,end,99,3495,2139
100,1779,end,1,2930,1462
100,3120,end,46,3292,2461
100,1694,end,18,3109,1694
100,2523,end,19,3174,2226
100,3163,end,96,3278,2241
100,1067,end,9,3308,1067
100,3603,end,82,3734,2681
100,2794,end,65,3021,2179
100,2828,end,33,3542,2717
100,2301,end,14,3103,2088
100,3298,end,90,3628,2792
100,2054,end,26,3166,2051
100,3292,end,98,3292,2429
time,lastnum,result,maximumRoll,maximum,minimum
100,1287,end,17,3385,659
45,4104,win,44,4104,2420
100,1882,end,23,3290,1522
92,-23,lose,9,3076,-23
100,237,end,19,3221,97
100,2148,end,0,2950,1419
100,1005,end,7,2925,1005
98,-160,lose,6,2656,-160
100,2955,end,78,3566,2130
100,2049,end,11,3147,1669
100,1635,end,14,3256,1085
100,2087,end,32,3727,1463
100,169,end,2,2866,99
58,-175,lose,4,2840,-175
100,2581,end,24,3890,2356
100,1277,end,17,3268,1277
100,3162,end,70,3375,1673
49,4044,win,48,4044,2084
49,4017,win,48,4017,2336
33,4185,win,32,4185,2650
100,3470,end,86,3909,2332
100,1121,end,20,3035,283
100,1851,end,0,2650,896
63,4090,win,62,4090,1956
48,4112,win,47,4112,2700
100,1339,end,35,3377,1231
45,4040,win,44,4040,2650
100,3026,end,27,3360,2323
53,4085,win,52,4085,1968
100,665,end,0,3050,665
48,4108,win,47,4108,2631
95,4121,win,94,4121,1540
58,-76,lose,3,2958,-76
100,2049,end,0,2650,668
88,4011,win,87,4011,2304
61,-137,lose,2,2983,-137
99,4071,win,98,4071,2113
100,1268,end,21,3778,666
51,-29,lose,0,2950,-29
67,4074,win,66,4074,2420
87,4087,win,86,4087,2321
100,2012,end,8,3070,1249
100,2139,end,85,3463,1925
100,2454,end,45,3912,2027
100,2534,end,19,3334,1728
100,3314,end,82,3747,1603
100,2147,end,12,3068,1387
100,272,end,1,3100,62
96,-55,lose,0,2950,-55
25,4101,win,24,4101,2650
70,-91,lose,1,2875,-91
100,3031,end,40,3848,2383
100,2127,end,30,3871,2127
100,2201,end,46,3608,1610
100,2957,end,93,3517,1602
100,2743,end,24,2916,1554
94,-275,lose,0,2950,-275
100,3422,end,70,3828,2172
100,1120,end,28,3328,784
100,1025,end,1,2790,1025
100,2293,end,44,3668,1990
98,-321,lose,24,3096,-321
58,4057,win,57,4057,2018
100,3039,end,98,3389,1868
85,-2,lose,11,3542,-2
100,718,end,8,3166,267
100,2938,end,52,3281,2104
85,4005,win,84,4005,1600
100,1696,end,60,3289,1696
33,4063,win,32,4063,2528
100,484,end,0,3050,376
100,1536,end,71,2947,1374
100,2545,end,80,3497,1737
95,4120,win,94,4120,1984
100,1398,end,22,3120,1380
100,2338,end,53,3686,1692
100,1986,end,6,3094,1726
100,1623,end,6,3170,599
99,-262,lose,9,3372,-262
100,2174,end,49,3344,1339
53,4085,win,52,4085,2161
45,4043,win,44,4043,2650
100,1880,end,13,3528,1240
100,2321,end,27,3620,1307
97,-196,lose,9,3512,-196
100,1167,end,55,3252,951
100,3853,end,98,3853,816
100,3444,end,72,3604,1512
64,4031,win,63,4031,2470
100,2143,end,17,3264,1243
63,4058,win,62,4058,2528
100,1509,end,26,3217,1401
100,403,end,11,2923,35
100,2155,end,17,3125,1693
21,4060,win,20,4060,2700
100,3222,end,88,3748,1734
100,2280,end,40,3014,1224
100,2560,end,33,3270,2116
36,4020,win,35,4020,2650
100,2563,end,1,3100,1438
time,lastnum,result,maximumRoll,maximum,minimum
100,2769,end,38,3214,2536
100,3701,end,96,3806,2895
100,2721,end,23,3066,2685
100,2746,end,10,3086,2604
100,3558,end,90,3594,2925
100,3302,end,78,3662,2689
100,3039,end,39,3295,2823
100,3366,end,72,3512,2910
100,3199,end,36,3349,2679
100,2983,end,31,3415,2795
100,2701,end,78,3236,2623
100,2612,end,73,3292,2512
100,3104,end,68,3362,2706
100,2669,end,31,2924,2292
100,2560,end,26,3119,2482
100,2631,end,64,3122,2517
100,2421,end,3,3019,2389
100,3073,end,41,3468,2803
100,2778,end,0,3015,2517
100,2300,end,17,3163,2264
100,2932,end,76,3336,2786
100,2052,end,0,2895,2020
100,3390,end,98,3495,2796
100,3237,end,56,3902,2895
100,2725,end,1,2931,2223
100,3166,end,90,3273,2812
100,2682,end,60,3226,2578
100,2324,end,3,3042,2162
100,2053,end,33,3179,2022
100,3191,end,81,3386,2750
100,3293,end,79,3622,2826
100,3283,end,46,3512,2910
100,2614,end,0,3015,2562
100,1870,end,27,3091,1834
100,2253,end,0,3015,1995
100,2204,end,1,2958,2204
100,2440,end,59,3233,2398
100,2436,end,11,3034,2355
100,2659,end,36,3350,2623
100,2903,end,24,3604,2825
100,2974,end,56,3256,2760
100,3179,end,36,3462,2879
100,3147,end,70,3270,2794
100,3632,end,98,3632,2770
100,3229,end,90,3356,2581
100,2721,end,35,3155,2543
100,3082,end,95,3123,2511
100,3113,end,68,3571,2895
100,2974,end,73,3057,2568
100,2654,end,31,3018,2580
100,2522,end,48,2999,2486
100,1835,end,2,2963,1643
100,2933,end,37,3096,2722
100,3193,end,98,3193,2702
100,2911,end,19,3579,2799
100,2833,end,4,2946,2323
100,2904,end,20,3098,2604
100,2514,end,23,3158,2499
100,2518,end,72,3110,2518
100,2487,end,1,2931,2030
100,2190,end,1,2927,2190
100,3298,end,92,3319,2887
100,2543,end,4,3045,2362
100,2759,end,1,2962,2320
100,2093,end,5,3051,1958
100,3871,end,90,3941,2895
100,2832,end,0,3015,2574
100,2341,end,57,3353,2278
100,3423,end,99,3423,2834
100,2636,end,18,3194,2508
100,2216,end,4,2994,1957
100,2949,end,81,3341,2815
100,2452,end,47,3062,2348
100,3241,end,67,3479,2910
100,2754,end,0,3015,2535
100,2671,end,18,3178,2448
100,3078,end,97,3147,2598
100,2772,end,40,3421,2553
100,2659,end,44,3175,2579
100,2993,end,57,3449,2879
100,2586,end,8,3024,2501
100,2749,end,39,3288,2749
100,2490,end,11,3028,2400
100,2496,end,51,3034,2388
100,2497,end,30,3191,2357
100,2483,end,24,3329,2314
100,4036,win,99,4036,2910
100,2694,end,2,2910,2570
100,2654,end,12,3198,2590
100,2715,end,33,3281,2715
100,2499,end,67,3011,2381
100,3036,end,27,3529,2877
100,3071,end,84,3076,2713
100,2140,end,22,3367,2108
100,2269,end,2,3045,2133
100,2799,end,8,3031,2338
100,2952,end,67,3346,2847
100,3181,end,96,3286,2692
100,2920,end,89,3103,2555
100,2155,end,7,2968,2050
time,lastnum,result,maximumRoll,maximum,minimum
100,3102,end,15,3270,2885
97,3310,win,96,3310,2663
80,3305,win,79,3305,2658
100,2965,end,92,3060,2218
94,3312,win,93,3312,2717
20,3311,win,19,3311,2885
100,1939,end,13,2940,1759
100,2324,end,48,3199,2288
100,1747,end,0,2985,1622
100,3146,end,12,3239,2768
100,2838,end,49,3132,2588
100,3033,end,13,3086,2722
100,2552,end,1,2970,2417
100,2928,end,89,3224,2603
34,3316,win,33,3316,2895
100,2877,end,37,3076,2606
100,3079,end,46,3223,2787
100,2789,end,22,3021,2453
100,2240,end,15,3058,2166
100,3084,end,45,3092,2716
100,2813,end,43,3022,2728
100,2820,end,53,3242,2679
100,2786,end,0,2985,2386
100,2746,end,15,3135,2646
100,2979,end,94,3069,2640
52,3334,win,51,3334,2880
100,3157,end,98,3262,2621
100,2701,end,0,2985,2251
100,2330,end,21,2947,2313
100,2787,end,18,2990,2392
100,2383,end,0,3015,2205
100,2589,end,15,3050,2521
42,3319,win,41,3319,2908
100,2339,end,2,2937,1834
90,3324,win,89,3324,2790
100,2528,end,6,3005,2472
100,2353,end,3,2973,2259
45,3310,win,44,3310,2874
25,3332,win,24,3332,2864
100,2549,end,5,3045,2475
100,2445,end,1,3030,2410
100,3013,end,48,3255,2801
61,3307,win,60,3307,2775
100,2420,end,4,2952,2179
59,3350,win,58,3350,2860
100,2962,end,4,3041,2347
100,3115,end,92,3218,2775
100,2995,end,81,3275,2866
100,2676,end,72,3119,2609
100,2703,end,1,2958,2274
92,3304,win,91,3304,2647
100,1991,end,5,2931,1913
26,3340,win,25,3340,2925
30,3318,win,29,3318,2895
100,2533,end,7,3064,2258
100,2214,end,1,3000,2146
77,3304,win,76,3304,2675
100,3060,end,94,3108,2611
100,2608,end,36,3159,2530
100,3333,win,99,3333,2737
96,3337,win,95,3337,2645
100,2162,end,4,2988,2055
100,3084,end,84,3228,2511
100,2885,end,39,3110,2819
36,3316,win,35,3316,2790
47,3314,win,46,3314,2679
100,2964,end,55,3139,2794
61,3327,win,60,3327,2652
83,3326,win,82,3326,2695
100,2362,end,56,3213,2362
26,3333,win,25,3333,2853
71,3332,win,70,3332,2664
15,3315,win,14,3315,2895
100,3204,end,89,3239,2735
100,2795,end,26,3035,2688
100,2647,end,92,2941,2273
100,2963,end,16,3059,2350
100,2367,end,1,2931,2115
100,2627,end,19,3276,2490
47,3333,win,46,3333,2902
100,2671,end,52,3096,2671
100,2712,end,20,3048,2321
63,3329,win,62,3329,2781
63,3324,win,62,3324,2895
100,3224,end,40,3248,2828
100,2558,end,3,3005,2395
28,3307,win,27,3307,2841
58,3330,win,57,3330,2736
95,3327,win,94,3327,2719
100,2171,end,0,2985,2055
100,2604,end,7,3121,2297
100,3193,end,98,3298,2842
100,2430,end,12,3027,2310
100,2497,end,24,3065,2385
100,2708,end,9,3015,2607
100,2625,end,0,3015,2507
100,2644,end,6,2965,2465
100,2693,end,76,3003,2488
25,3313,win,24,3313,2784
100,2547,end,2,2963,2332
time,lastnum,result,maximumRoll,maximum,minimum
100,2623,end,0,2895,2372
79,3202,win,78,3202,2831
100,1955,end,1,2958,1804
100,2923,end,15,3060,2644
100,2366,end,16,3153,2335
21,3224,win,20,3224,2910
45,3206,win,44,3206,2720
100,2649,end,72,3105,2582
100,2886,end,44,3007,2606
27,3235,win,26,3235,2841
39,3217,win,38,3217,2839
16,3210,win,15,3210,2895
86,3205,win,85,3205,2526
67,3233,win,66,3233,2708
100,2424,end,42,3049,2424
37,3211,win,36,3211,2874
61,3219,win,60,3219,2794
21,3212,win,20,3212,2880
100,2588,end,12,3136,2167
100,2154,end,18,3054,2118
89,3211,win,88,3211,2588
100,2819,end,0,3015,2529
100,2842,end,91,3022,2416
100,2215,end,0,2895,2102
100,3120,end,94,3157,2790
48,3212,win,47,3212,2867
33,3222,win,32,3222,2883
38,3207,win,37,3207,2797
100,2629,end,1,3030,2353
100,2406,end,3,3001,2370
100,2217,end,0,2895,2034
100,2986,end,80,3159,2720
100,3100,end,8,3144,2753
89,3228,win,88,3228,2764
45,3239,win,44,3239,2895
38,3213,win,37,3213,2764
95,3211,win,94,3211,2734
16,3227,win,15,3227,2895
100,2673,end,0,2985,2208
24,3233,win,23,3233,2895
18,3234,win,17,3234,2847
30,3221,win,29,3221,2824
70,3215,win,69,3215,2842
100,2794,end,20,3066,2422
100,2616,end,7,3069,2185
100,2910,end,4,3045,2597
100,2771,end,63,3182,2667
70,3253,win,69,3253,2511
100,2146,end,0,2985,2145
100,2723,end,26,3156,2546
27,3207,win,26,3207,2853
100,2830,end,0,3015,2521
18,3202,win,17,3202,2895
100,2963,end,14,3090,2613
50,3209,win,49,3209,2698
67,3224,win,66,3224,2699
100,2788,end,3,3032,2394
70,3204,win,69,3204,2862
100,2483,end,24,3199,2269
30,3203,win,29,3203,2789
100,2302,end,1,3030,2103
15,3203,win,14,3203,2857
100,2909,end,35,3101,2627
69,3208,win,68,3208,2673
100,2639,end,19,3122,2585
50,3202,win,49,3202,2763
15,3210,win,14,3210,2895
100,2929,end,81,3011,2692
100,2828,end,37,3035,2612
100,1878,end,0,2985,1772
100,2591,end,23,3064,2461
100,2381,end,21,3009,2351
22,3202,win,21,3202,2895
100,2982,end,45,3153,2822
62,3216,win,61,3216,2769
100,2509,end,0,3015,2311
100,2485,end,62,3031,2417
100,3057,end,42,3065,2720
100,2489,end,17,3023,2393
11,3236,win,10,3236,2895
100,2788,end,20,3113,2437
67,3245,win,66,3245,2429
28,3201,win,27,3201,2910
12,3213,win,11,3213,2925
100,2746,end,62,3113,2482
100,2248,end,10,2918,1806
100,2957,end,60,3062,2669
32,3216,win,31,3216,2822
100,2670,end,5,3024,2562
71,3272,win,70,3272,2711
100,2947,end,92,3043,2580
23,3203,win,22,3203,2837
100,2523,end,4,3039,2277
47,3208,win,46,3208,2678
29,3212,win,28,3212,2790
49,3255,win,48,3255,2763
20,3206,win,19,3206,2910
100,2692,end,46,3053,2495
100,2837,end,1,3000,2526
100,2405,end,32,3122,2169
